,energy,valance,song_name,tempo,total_beats,average_beats,chroma_stft_mean,chroma_stft_std,chroma_stft_var,chroma_cq_mean,chroma_cq_std,chroma_cq_var,chroma_cens_mean,chroma_cens_std,chroma_cens_var,melspectrogram_mean,melspectrogram_std,melspectrogram_var,mfcc_mean,mfcc_std,mfcc_var,mfcc_delta_mean,mfcc_delta_std,mfcc_delta_var,rms_mean,rms_std,rms_var,cent_mean,cent_std,cent_var,spec_bw_mean,spec_bw_std,spec_bw_var,contrast_mean,contrast_std,contrast_var,rolloff_mean,rolloff_std,rolloff_var,poly_mean,poly_std,poly_var,tonnetz_mean,tonnetz_std,tonnetz_var,zcr_mean,zcr_std,zcr_var,harm_mean,harm_std,harm_var,perc_mean,perc_std,perc_var,frame_mean,frame_std,frame_var
1,0.566,0.535,Aaron Carpenter - Chase (Visualizer)-Vp-q7tXXNBs.wav,135.9991776,167955,1272.386364,0.325705528,0.315276474,0.099399261,0.479280382,0.283653706,0.080459423,0.25461444,0.136032424,0.01850482,2.351405382,36.36947632,1322.738892,-4.710181236,67.8992691,4610.311035,0.008142046,3.826442003,14.64165878,0.081511855,0.060933426,0.003712882,1515.336842,989.7058282,979517.6263,1484.236971,605.0236895,366053.6649,25.82131999,15.65686905,245.1375486,2936.173912,1831.660697,3354980.911,0.842116155,1.189841873,1.415723682,0.002582765,0.084351054,0.0071151,0.08046361,0.065862366,0.004337851,1.00E-05,0.054118119,0.002928771,9.39E-05,0.073760785,0.005440653,6.121941043,3.657922485,13.38039691
2,0.85,0.372,AJ Mitchell - Slow Dance (Official Video) ft. Ava Max-VAmXEe92RSI.wav,129.1992188,164537,1316.296,0.272940278,0.300419539,0.090251893,0.407980174,0.284524322,0.080954097,0.232242846,0.166492064,0.027719607,3.008606434,35.86864471,1286.55957,-5.714323044,63.2539711,4001.064697,0.013875222,2.769280672,7.668915272,0.093402937,0.069500439,0.004830311,1450.309454,750.3013959,562952.1848,1577.333771,612.7769711,375495.6163,26.08962514,16.36415737,267.7856466,3019.17341,1667.876038,2781810.478,1.03900719,1.616758711,2.61390873,-0.023436887,0.084281981,0.007103452,0.066102775,0.045898898,0.002106709,2.09E-06,0.089397371,0.00799189,-2.66E-05,0.048226763,0.002325821,5.0689161,1.76126226,3.102044747
3,0.627,0.689,Alec Benjamin - Jesus in LA [Official Music Video]-eNbUNSNdYu4.wav,123.046875,148640,1292.521739,0.317521006,0.305600673,0.093391776,0.42075935,0.290065289,0.084137879,0.24496341,0.152412309,0.023229512,17.7755661,114.7221222,13161.16602,-0.901165307,46.41775513,2154.608154,0.010642772,3.590948343,12.89490986,0.264137924,0.099173315,0.009835347,1713.525184,897.2502009,805057.9231,1685.419532,433.1676333,187634.1985,26.32640627,16.89822068,285.5498623,3398.221118,1583.580493,2507727.176,2.908826571,3.526961916,12.43946036,0.017610359,0.088381624,0.007811312,0.086141769,0.074045675,0.005482762,-9.06E-06,0.225234404,0.050730538,-2.74E-05,0.118606098,0.014067407,3.784852608,1.551225054,2.40629917
4,0.661,0.694,Alec Benjamin - Mind Is A Prison [Official Lyric Video]-Hmw2E7bKJeo.wav,75.99954044,96074,1280.986667,0.336466163,0.305439383,0.093293212,0.439484745,0.278314352,0.077458881,0.252727332,0.139507093,0.019462229,19.53870583,139.8726196,19564.34766,1.667028189,50.13228989,2513.246582,0.009577246,2.903182268,8.428466797,0.268635005,0.11888171,0.01413286,1475.221348,753.9203732,568395.9291,1575.850109,510.360285,260467.6205,25.11869589,16.4679699,271.1940327,3046.302413,1570.664052,2466985.563,3.086435939,3.798113188,14.42566379,0.013751245,0.083620948,0.006992463,0.070065147,0.052796109,0.002787429,7.90E-06,0.212193087,0.045025907,-7.56E-05,0.133162633,0.017732289,6.624653061,2.743770493,7.52827652
5,0.475,0.369,Alec Benjamin - Must Have Been The Wind (Lyrics)-o9EBm4-9isI.wav,117.4538352,147311,1292.201754,0.303687453,0.299345583,0.089607775,0.459972829,0.279309005,0.078013524,0.252066477,0.140697634,0.019795824,21.16522408,146.8121796,21553.81445,-1.28288281,51.83494568,2686.861572,0.005478004,2.68474555,7.207858562,0.281228423,0.107193187,0.011490379,1149.356605,598.1650027,357801.3704,1422.754939,429.3365422,184329.8664,26.43675151,15.37059931,236.255323,2372.156489,1367.529241,1870136.225,2.821539582,3.386027246,11.46518051,0.009995111,0.082111962,0.006742374,0.04893848,0.042599209,0.001814693,-3.21E-06,0.233480349,0.054513074,7.89E-05,0.131194443,0.017211983,3.622312925,1.728444513,2.987520434
6,0.565,0.599,Alec Benjamin – Oh My God [Official Lyric Video]-vy7LkrlJzmM.wav,78.30255682,90984,1229.513514,0.321705371,0.308048278,0.094893746,0.406249136,0.294759423,0.08688312,0.236614431,0.165369115,0.027346944,5.168636799,39.55719757,1564.771973,-4.982488155,59.18475342,3502.835205,0.008689439,3.500281572,12.25197124,0.127029538,0.081359796,0.006619417,1530.831248,783.6003454,614029.5014,1570.548557,392.7038673,154216.3274,25.61116957,16.58010163,274.89977,2979.061153,1488.726144,2216305.53,1.401489212,2.032150223,4.129634529,0.011769671,0.09078666,0.008242218,0.077047531,0.060421853,0.0036508,-2.45E-06,0.12144611,0.014749158,-3.76E-05,0.062151581,0.003862819,3.284462585,1.246491524,1.553741119
7,0.496,0.588,Alessia Cara - Ready (Lyric Video)-3SeHoFCH-gI.wav,151.9990809,193821,1292.14,0.359631687,0.308937907,0.095442638,0.469517738,0.292595953,0.085612386,0.256584469,0.132279036,0.017497743,15.66312408,140.0516357,19614.46094,-1.93523097,47.08195877,2216.710693,0.009406298,3.456822872,11.94962502,0.232288912,0.122543849,0.015016995,1765.607412,696.6361273,485301.8939,1759.983583,361.5073642,130687.5744,25.28594191,16.97676469,288.2105394,3686.136044,1328.716902,1765488.607,2.524907048,3.23702882,10.47835558,0.004509336,0.081313016,0.006611807,0.082249314,0.059263861,0.003512205,1.51E-06,0.202561498,0.041031163,-1.26E-06,0.120810159,0.014595095,2.340571429,1.628157655,2.65089735
8,0.527,0.493,Alessia Cara - Rooting For You-VFIw3fyaw-E.wav,151.9990809,198340,1287.922078,0.418167531,0.313753098,0.098441012,0.480336845,0.288650393,0.083319053,0.253840102,0.137471947,0.018898536,14.85840416,155.4547882,24166.18945,-1.168097973,51.8651123,2689.989746,0.005600085,3.98106575,15.84888458,0.20828706,0.147087559,0.021634748,1577.333538,746.3177984,556990.2563,1550.949535,404.085722,163285.2707,24.46859874,15.11397956,228.4323782,3156.693412,1409.309495,1986153.253,2.186867122,3.184783046,10.14284305,-0.008214148,0.073012018,0.005330755,0.078633122,0.060937978,0.003713437,-2.20E-05,0.167255342,0.02797435,3.72E-05,0.154037222,0.023727464,6.575891156,3.072523852,9.440402823
9,0.41,0.37,Anthony Ramos - Dear Diary-rxIyYi4TX9s.wav,80.74951172,95130,1235.454545,0.27528131,0.302397937,0.091444507,0.417361856,0.29025349,0.084247082,0.240537005,0.159609783,0.025475283,4.706997395,32.60425186,1063.037354,-6.961297989,64.49319458,4159.37207,0.008121031,3.198795319,10.23229218,0.132128,0.056188468,0.003157144,1416.880137,876.2895703,767883.4109,1462.753009,626.8103024,392891.1552,26.52036399,15.43371796,238.1996501,2852.674417,1788.012007,3196986.938,1.280660755,1.560880117,2.43634674,0.014995569,0.096795625,0.009369393,0.076706452,0.076642925,0.005874138,-4.76E-07,0.124201,0.015425888,1.20E-05,0.046905048,0.002200084,9.040689342,3.641302582,13.25908449
10,0.502,0.403,Astrid S - Favorite Part Of Me (Lyrics)-RvWw-hy0aiE.wav,129.1992188,161204,1269.322835,0.275351912,0.297700673,0.088625684,0.404322833,0.281395584,0.079183482,0.233804688,0.169318343,0.028668701,15.11607838,114.692955,13154.47363,-3.637447357,60.44477463,3653.570801,0.012692541,2.736478329,7.488313198,0.230296895,0.111121908,0.012348079,1019.216113,599.7528186,359703.4435,1151.095559,563.2047083,317199.5435,26.68114147,13.47816248,181.6608638,2096.533156,1496.281491,2238858.301,2.270786964,2.933994561,8.608324084,-0.010328351,0.105989402,0.011233753,0.046909391,0.033488235,0.001121462,6.85E-06,0.222534522,0.049521614,1.80E-06,0.076292068,0.00582048,7.509333333,3.800124175,14.44094375
11,0.225,0.243,Billie Eilish - everything i wanted-EgBJmlPo8Xw.wav,80.74951172,81205,1845.568182,0.29967311,0.319651604,0.102177151,0.459564388,0.294630855,0.086807348,0.242281682,0.156948781,0.02463292,4.846320152,81.43063354,6630.948242,-7.567091942,85.15491486,7251.359863,0.013026512,2.487562895,6.187969685,0.094460629,0.107100874,0.011470597,528.7715724,418.8316055,175419.9137,780.4593986,433.4270816,187859.035,23.76920091,11.81243594,139.5336429,893.8154286,905.0106425,819044.263,0.655599742,1.27826524,1.633962025,-0.003717883,0.091240055,0.008324748,0.023069399,0.019139236,0.00036631,-8.22E-06,0.078635305,0.006183511,-3.70E-05,0.105241261,0.011075723,26.14566893,5.713972743,32.64948451
12,0.328,0.407,Billy Lockett - Hard Act To Follow (Lyrics)-qqelrKs5q9E.wav,172.265625,215154,1336.360248,0.293361127,0.30619058,0.093752675,0.384360313,0.285574824,0.081552975,0.228074535,0.170558223,0.029090108,2.524008274,18.78659248,352.9360352,-9.262866974,77.77575684,6049.067871,0.011635673,2.869641304,8.234841347,0.084434554,0.061017312,0.003723112,1120.398191,749.3627618,561544.5487,1299.591442,639.8283989,409380.38,26.09405612,15.04297823,226.2911941,2210.857465,1664.701634,2771231.529,0.834764968,1.228305096,1.508733409,0.027308314,0.099110169,0.009822826,0.051936194,0.048309511,0.002333809,1.14E-06,0.091313325,0.008338123,-1.60E-05,0.029996617,0.000899797,6.388970522,2.457207474,6.037868569
13,0.687,0.508,Blake Rose - Lost-zuxrpj95HaU.wav,95.703125,116534,1280.593407,0.372751027,0.304095477,0.092474058,0.451241106,0.288625628,0.083304755,0.244228105,0.152956589,0.023395718,24.47111702,189.2054901,35798.71875,4.617681026,52.92784882,2801.357178,0.012543027,2.520689726,6.353876591,0.295161575,0.131002128,0.017161557,1286.507146,679.3478506,461513.5021,1682.989243,572.569914,327836.3064,24.88026868,16.98078799,288.3471608,2950.77799,1717.855986,2951029.189,2.741206775,3.314169849,10.98372179,0.009554645,0.074829914,0.005599516,0.044471575,0.043419604,0.001885262,2.90E-06,0.249056116,0.062028952,-6.29E-06,0.126008317,0.015878096,3.204353741,1.119240353,1.252698967
14,0.791,0.239,Boy In Space - Cold (Lyrics _ Lyric Video)-GmaayrT3DiE.wav,129.1992188,155366,1601.71134,0.300564408,0.30516535,0.093125887,0.428420514,0.290743232,0.084531628,0.239562713,0.161068432,0.02594304,10.02164268,102.9452591,10597.72559,-5.649718285,55.51514816,3081.931885,0.012071341,3.350140333,11.22344017,0.168762282,0.124307632,0.015452388,1721.982513,796.7169006,634757.8198,1776.402599,471.1700661,222001.2312,26.7555078,16.34434597,267.1376451,3654.457069,1641.563365,2694730.283,1.668613512,2.455996529,6.031918948,-0.015373317,0.092507057,0.008557556,0.078678285,0.054284242,0.002946779,-3.16E-06,0.181028306,0.032771248,-8.62E-05,0.075669743,0.00572591,13.28761905,5.965029079,35.58157191
15,0.593,0.355,Camila Cabello - Easy (Audio)-X95tylIxAoc.wav,129.1992188,155894,1257.209677,0.315662026,0.306625664,0.094019294,0.410283893,0.289630353,0.083885737,0.233170265,0.170190954,0.028964961,8.289418221,74.14180756,5497.007813,0.665363073,58.20753479,3388.116943,0.012372658,2.951932907,8.713907242,0.166650027,0.093018055,0.008652358,1308.679742,715.202543,511514.6775,1464.81653,529.3112259,280170.3739,25.12367892,14.70142795,216.1319837,2789.474799,1634.013454,2669999.968,1.803394022,2.342105462,5.485457995,0.024225981,0.091016728,0.008284045,0.06696029,0.060003849,0.003600462,-6.29E-06,0.1530599,0.023427334,0.000109744,0.070723295,0.005001784,4.970231293,2.26032245,5.109057578
16,0.514,0.517,Camila Cabello - Living Proof (Official Music Video)-6q4kCRREAgk.wav,78.30255682,98686,1298.5,0.38024658,0.323897541,0.104909614,0.377450913,0.312783331,0.097833417,0.21994005,0.182788731,0.03341172,18.6610775,138.1576843,19087.54492,5.724266052,52.23405838,2728.396973,0.011850631,3.944398403,15.55827808,0.268164188,0.096027099,0.009221204,1408.099492,715.240139,511568.4564,1672.318445,510.4302242,260539.0138,25.38239287,16.74910286,280.5324466,3113.897837,1630.783814,2659455.849,2.451778576,2.97877157,8.873080069,0.043615922,0.095328124,0.009087451,0.053025567,0.045737984,0.002091963,2.29E-06,0.234425768,0.054955442,0.000111429,0.107222699,0.011496707,4.003120181,1.235977923,1.527641427
17,0.561,0.691,Caroline Kole - Freaking Out! (Official Music Video)-kv5Zgm5wTdA.wav,161.4990234,200948,1304.857143,0.319209009,0.299708247,0.089825034,0.439923823,0.290394753,0.084329106,0.249340843,0.141768246,0.020098236,12.11878395,115.2107086,13273.50781,-5.413627148,48.17749786,2321.071289,0.012221972,3.528081179,12.44735718,0.208428919,0.115624972,0.013369135,2006.09815,875.2219627,766013.4841,1719.37272,454.2452144,206338.7148,25.89439891,16.69283359,278.6506934,3975.809292,1448.601444,2098446.145,2.563736252,3.334339851,11.11782224,-0.007694922,0.088929244,0.00790841,0.112328308,0.07540798,0.005686363,-2.60E-05,0.1839232,0.033827741,-3.17E-05,0.109414674,0.011971571,6.485333333,2.642499192,6.98280198
18,0.535,0.601,Charlie Puth - Cheating on You [Official Video]-fOoSbUoayQE.wav,123.046875,154291,1390.009009,0.394109726,0.323041141,0.104355581,0.462347507,0.293585956,0.086192712,0.246498482,0.150239249,0.022571832,15.09443188,174.4321747,30426.58594,-1.449492097,58.71559906,3447.521729,0.001370291,3.733458757,13.93871498,0.202647015,0.156274945,0.024421858,1673.559065,912.0737283,831878.4858,1762.513316,610.2069441,372352.5147,26.39590763,16.10391439,259.3360586,3639.032162,1840.459412,3387290.848,1.676228149,2.509375764,6.296966723,0.000730833,0.077837437,0.006058667,0.071894312,0.057874826,0.003349495,-5.60E-06,0.211859047,0.044884257,-2.71E-05,0.109656036,0.012024445,10.51283447,3.833704346,14.69728902
19,0.311,0.579,Charlie Puth – I Warned Myself [Official Video]-wjIes1eGAw4.wav,92.28515625,111546,1297.046512,0.409869879,0.324536741,0.105324097,0.420093864,0.304842174,0.09292876,0.237457923,0.164155622,0.026947068,14.17430592,135.8327942,18450.54883,-0.627108514,62.5569458,3913.371582,0.011155695,4.3438344,18.86889839,0.205556676,0.133849993,0.017915823,1289.551968,939.7677011,883163.332,1511.312487,486.0512199,236245.7884,24.70264138,15.45864826,238.969806,2591.859327,1808.104954,3269243.526,1.592087076,2.219427087,4.925856593,-0.015803685,0.094412907,0.008913797,0.053984556,0.075261962,0.005664363,-2.18E-06,0.202987626,0.041203979,-4.46E-05,0.091983885,0.008461035,4.804208617,1.76222323,3.105430711
20,0.686,0.0955,Cold Hearted-Y-ZU8WrDPOA.wav,143.5546875,177466,1267.614286,0.294029653,0.29177925,0.085135132,0.440972567,0.275126636,0.075694673,0.238195213,0.163083947,0.026596374,15.56149578,77.86003876,6062.185059,-1.497573853,53.4017601,2851.748047,0.007479437,2.323153019,5.397039413,0.25193882,0.06445054,0.004153872,1228.103887,592.0292911,350498.6815,1427.07675,557.0972346,310357.3288,27.53207842,15.25228903,232.6323206,2592.771822,1463.53156,2141924.626,2.725660899,3.002781921,9.016699266,0.037574526,0.097526351,0.009511389,0.059179536,0.039778036,0.001582292,-8.12E-06,0.230110168,0.052950691,-3.81E-05,0.064276792,0.004131506,5.354521542,3.151602283,9.932596949
21,0.687,0.701,"Dan + Shay, Justin Bieber - 10,000 Hours (Official Music Video)-Y2E71oe0aSM.wav",89.10290948,114021,1341.423529,0.330153942,0.30597806,0.093622573,0.4614335,0.294293851,0.086608872,0.250341897,0.143743758,0.020662268,13.30468559,96.51082611,9314.338867,-1.589522481,48.62490463,2364.381348,0.00652041,2.788034678,7.773137569,0.211717963,0.122970529,0.015121751,1826.340233,622.7412349,387806.6456,1886.932833,315.942529,99819.68161,26.01915882,17.44282302,304.252075,3879.239043,1202.372057,1445698.563,2.430094945,3.363421577,11.31260471,-0.01441714,0.083574169,0.006984642,0.085864749,0.05458349,0.002979357,2.12E-06,0.185766727,0.034509279,8.88E-05,0.113067076,0.012784164,5.233777778,2.443313039,5.969778606
22,0.204,0.343,Dean Lewis - Half A Man (Lyrics _ Lyric Video)-lD5jhtkVuOY.wav,161.4990234,190207,1251.361842,0.295754671,0.302109748,0.091270305,0.384386122,0.280294538,0.078565031,0.230738649,0.173473367,0.030093009,3.2939744,33.696064,1135.424805,-6.416671753,66.11154938,4370.737305,0.008184311,2.946592331,8.682406425,0.099266551,0.069083847,0.004772577,1257.15061,736.0238435,541731.0982,1352.95541,511.464456,261595.8897,26.78309209,15.37751007,236.4678161,2344.019159,1485.591695,2206982.683,0.953107719,1.31499686,1.729216742,0.025522344,0.096774145,0.009365235,0.0596801,0.05346855,0.002858886,-1.03E-06,0.107215628,0.011495191,1.49E-05,0.035105541,0.001232399,4.323555556,2.1502681,4.623652903
23,0.455,0.333,Dylan Dunlap - If That Alright (Official Lyric Video)-5ndnQPMHyPk.wav,92.28515625,107380,1234.252874,0.340171784,0.307236999,0.094394572,0.398733616,0.288247228,0.083086468,0.23017199,0.174224534,0.030354188,5.591267586,40.3803215,1630.570435,-1.586381674,63.81189728,4071.958252,0.010013598,2.943711758,8.665439606,0.140808076,0.065034129,0.004229438,1156.285102,647.8931739,419765.5648,1451.749442,625.7441993,391555.803,26.19829479,15.40181022,237.2157581,2581.542723,1700.398096,2891353.685,1.379499766,1.719161217,2.955515289,0.00154088,0.093275403,0.008700301,0.044070028,0.03170273,0.001005063,-7.55E-06,0.12777023,0.016325232,1.24E-05,0.056487307,0.003190816,4.066975057,1.264225246,1.598265472
24,0.93,0.31,Ed Sheeran - Beautiful People (feat. Khalid) [Official Video]-mj0XInqZMHY.wav,92.28515625,110816,1560.788732,0.463894367,0.307892859,0.094798021,0.541338503,0.275040656,0.075647369,0.26365669,0.117552044,0.013818483,6.025212765,60.1511116,3618.156006,-0.696596682,59.16983414,3501.069336,0.005674989,3.066030025,9.400539398,0.129907072,0.094529785,0.008935881,1369.405992,649.4302081,421759.5952,1563.132791,447.0290514,199834.9728,23.93969255,16.62879898,276.5169554,2880.507582,1456.165519,2120418.019,1.256198804,1.70926854,2.92159894,0.005299545,0.060022986,0.003602759,0.05796129,0.043601729,0.001901111,-3.43E-07,0.11890123,0.014137503,-5.13E-05,0.082081601,0.00673739,10.81817687,4.931078158,24.3155318
25,0.242,0.237,Ed Sheeran - Best Part Of Me (feat. YEBBA) (Live At Abbey Road)-wGyh_53ecgg.wav,83.35433468,92361,1199.493506,0.288353175,0.308766693,0.095336877,0.402830571,0.289546967,0.083837442,0.241820038,0.157249494,0.024727403,6.620179176,66.63024902,4439.590332,-8.462808609,69.45587158,4824.118164,0.008619591,2.9421134,8.656031609,0.128657073,0.111070633,0.012336685,1184.965464,774.1969959,599380.9884,1423.795469,460.474137,212036.4308,26.3227918,15.00692506,225.2077998,2220.628239,1540.273424,2372442.219,1.180549216,1.988957088,3.955950298,-0.016522772,0.090884135,0.008259926,0.049724189,0.051071193,0.002608267,9.76E-06,0.145428374,0.021149414,4.20E-05,0.059532385,0.003544105,5.562340136,2.268394378,5.145613053
26,0.465,0.302,Ellie Goulding - Flux-JcV0SvIDjAA.wav,95.703125,116083,1275.637363,0.266225725,0.294642091,0.086813956,0.400651395,0.279858559,0.078320816,0.234299986,0.168632292,0.02843685,10.13945007,57.20310211,3272.195068,-3.649455786,56.76405716,3222.158203,0.01334999,2.764055729,7.640004158,0.192359835,0.085930496,0.00738405,1329.799351,675.7839337,456683.9251,1453.483939,502.9549938,252963.7258,26.82308489,15.24588701,232.4370708,2667.500537,1517.812448,2303754.627,1.977611437,2.471098042,6.106325535,0.002736895,0.103122281,0.010634205,0.062280614,0.044882608,0.002014449,-1.22E-05,0.18601577,0.034601867,-4.33E-05,0.058869619,0.003465632,4.315428571,1.970733719,3.883791392
27,0.487,0.48,FLETCHER - All Love (Official Video)-DPTiFywDF8k.wav,143.5546875,181021,1283.836879,0.343830794,0.312518477,0.097667798,0.482007831,0.280653149,0.078766182,0.252670013,0.139610879,0.019491198,6.345089436,68.41039276,4679.981934,-2.490221739,55.97480774,3133.179199,0.008235353,2.819371223,7.94885397,0.146213382,0.079752982,0.006360538,1338.616749,663.5987075,440363.2446,1440.697698,451.6277242,203967.6012,25.02284328,15.51745072,240.7912768,2705.141976,1424.158879,2028228.511,1.597162378,2.027692957,4.111538727,0.002957997,0.083238647,0.006928672,0.067897927,0.053835795,0.002898293,9.53E-06,0.142929897,0.020428957,4.02E-05,0.051425539,0.002644586,8.306938776,3.4853908,12.14794903
28,0.705,0.399,Fly By Midnight - Lovely (Official Video)-z2DbjcI3BbQ.wav,161.4990234,202043,1403.076389,0.387744874,0.296477944,0.087899178,0.464567751,0.285846412,0.081708178,0.243733111,0.154685176,0.023927504,5.990841866,37.28872299,1390.44873,0.639970601,51.01811981,2602.848389,0.010569267,2.165641785,4.690003872,0.146944597,0.068387985,0.004676916,1689.342351,600.1038208,360124.5958,1870.63233,332.1413712,110317.8905,24.18754678,16.72960593,279.8797145,3755.518958,1200.356798,1440856.441,1.787052871,2.212032101,4.893086018,0.02455026,0.076125328,0.005795066,0.07300844,0.044919475,0.002017759,-3.62E-06,0.123861313,0.015341626,-5.43E-05,0.069667175,0.004853515,8.685424036,1.448048109,2.096843327
29,0.449,0.237,Gabrielle Aplin & JP Cooper - Losing Me (Official Video)-BPD84itI-x4.wav,135.9991776,167466,1456.226087,0.364190727,0.306484103,0.093932509,0.426353484,0.293049544,0.085878037,0.238223249,0.163042991,0.026583017,12.67216301,112.5352783,12664.18848,0.25356102,52.69527435,2776.791748,0.012301733,2.550644398,6.505786419,0.197502941,0.126622185,0.016033176,1608.97165,649.4176965,421743.3445,1769.446351,549.753788,302229.2274,25.33945304,16.76363745,281.0195404,3535.466122,1637.723766,2682139.134,2.062466001,2.777112549,7.71235411,0.014805659,0.091220219,0.008321128,0.071290196,0.046845408,0.002194492,2.70E-05,0.201448426,0.040581468,3.32E-05,0.077987276,0.006082016,9.321650794,3.104087405,9.635358615
30,0.5,0.14,Gavin Haley - The Way I Am (Lyrics) feat. Ella Vos-JzrcTLNCkL8.wav,99.38401442,126445,1359.623656,0.255521834,0.302596778,0.091564804,0.376065373,0.290809155,0.084569961,0.225609806,0.180093167,0.032433549,7.018463135,44.79120255,2006.251709,-7.942566872,61.10562515,3733.897461,0.012560519,2.955728769,8.73633194,0.159070835,0.071238846,0.005074973,1343.787403,733.3704246,537832.1797,1510.948061,519.0942135,269458.8025,26.50673721,15.91426196,253.2637337,2561.592844,1622.432452,2632287.063,1.5376868,1.96369731,3.856107125,0.026172104,0.103993188,0.010814583,0.057731321,0.044940633,0.00201966,1.19E-05,0.156152695,0.024383662,3.47E-06,0.049032845,0.00240422,4.465197279,1.668319404,2.783289634
31,0.376,0.165,Griff - Good Stuff (Official Video)-26mWu8cy0o0.wav,135.9991776,159660,1247.34375,0.23761934,0.297385186,0.088437945,0.416881382,0.277757496,0.077149227,0.243446241,0.155136266,0.024067261,4.130979538,33.4800148,1120.911377,-7.995804787,65.01618195,4227.104004,0.005009263,3.250555754,10.56611347,0.115797058,0.071561389,0.005121033,1327.539165,726.3036652,527517.0141,1329.13139,484.4189,234661.6706,26.37076795,14.56367416,212.1006049,2532.113855,1466.306262,2150054.055,1.150154543,1.627023255,2.647204672,0.031261579,0.091244129,0.008325491,0.066871289,0.046695698,0.002180488,-2.39E-07,0.108152486,0.011696961,-7.26E-06,0.05673841,0.003219247,3.484154195,1.705955309,2.910283515
32,0.388,0.188,Hailee Steinfeld - Wrong Direction-ncV1TlNl9B8.wav,117.4538352,138291,1245.864865,0.370415688,0.297256827,0.088361613,0.511806011,0.266708195,0.071133263,0.253858506,0.137437958,0.018889192,2.581423044,17.06371307,291.1702881,-5.574856758,74.71647644,5582.552246,0.01401866,2.429511547,5.902526855,0.083465621,0.065179296,0.004248341,1325.188784,871.7922678,760021.7582,1306.747255,594.0174316,352856.7091,24.64823083,14.72722007,216.8910111,2536.134664,1716.423292,2946108.919,0.955649661,1.465601122,2.14798665,0.000475767,0.091418472,0.008357337,0.08294262,0.076254927,0.005814814,-1.56E-05,0.087076686,0.007582349,-5.26E-05,0.035142682,0.001235008,4.228353741,2.157518669,4.654886807
33,0.55,0.123,Halsey - Finally _ beautiful stranger-ONS51QzCh1Y.wav,135.9991776,165468,1282.697674,0.326371372,0.299663156,0.089798003,0.446993023,0.277871996,0.077212848,0.240912152,0.159042977,0.025294669,6.391554832,45.09087753,2033.187134,-3.620345831,61.90701294,3832.478271,0.012657052,2.412907839,5.822124004,0.147941947,0.079310812,0.006290205,1302.790449,572.6822447,327964.9534,1510.996948,431.9787095,186605.6054,26.25054589,15.70896756,246.7716618,2745.725064,1355.051823,1836165.444,1.574449864,2.025994579,4.104654033,0.018325398,0.086971283,0.007564004,0.058286874,0.033901077,0.001149283,6.28E-06,0.14972949,0.022418922,9.45E-06,0.042623751,0.001816784,3.067356009,2.320426427,5.384378802
34,0.771,0.569,Harry Styles - Adore You (Official Video)-VF-r5TtlT9w.wav,99.38401442,120145,1251.510417,0.366843849,0.295779645,0.087485597,0.479744643,0.271138936,0.073516317,0.256498003,0.132446622,0.017542108,11.97174358,107.3612137,11526.43066,4.547433853,43.14356613,1861.367188,0.013058159,2.680582523,7.185522079,0.214425474,0.088750333,0.007876622,1968.314732,682.2137631,465415.6185,2016.989139,389.5453271,151745.5619,25.14778022,18.542281,343.8161848,4433.852356,1420.284161,2017207.098,2.59451738,3.025002591,9.150640678,0.020531412,0.066176457,0.004379323,0.093048757,0.05421845,0.00293964,-2.28E-06,0.157801121,0.024901194,-7.25E-05,0.114735864,0.013164319,2.926875283,1.479777578,2.18974168
35,0.267,0.0592,Harry Styles - Falling (Official Video)-olGSAVOkkTI.wav,112.3471467,132150,1334.848485,0.274438918,0.293870836,0.086360067,0.429655313,0.281030715,0.078978263,0.235748396,0.166601402,0.027756027,4.881124496,40.39448547,1631.7146,-9.134130478,74.31005859,5521.985352,0.0123275,2.265934944,5.134460926,0.12387234,0.077139199,0.005950456,879.5337318,616.2462561,379759.4481,983.9936718,539.2158531,290753.7363,25.91953234,13.21963731,174.7588105,1572.523824,1287.869175,1658607.012,1.123430396,1.547496056,2.394744042,0.014916188,0.100813841,0.010163431,0.045019758,0.039881281,0.001590517,5.54E-06,0.131264105,0.017230267,2.07E-05,0.036151689,0.001306945,8.803845805,3.050100582,9.303113561
36,0.733,0.797,James Arthur & Ty Dolla $ign feat. Shotty Horroh - Treehouse-4t6HrjG1fMk.wav,151.9990809,194757,1281.296053,0.346594065,0.31201005,0.09735027,0.441618353,0.299534887,0.089721143,0.240851435,0.15913491,0.02532392,18.575243,167.3902435,28019.49219,1.640385985,47.03583145,2212.369385,0.006753457,2.789217949,7.779736996,0.250949532,0.130953655,0.01714886,1541.2534,589.884601,347963.8425,1766.609364,479.9267521,230329.6874,25.68339521,16.72917051,279.8651459,3451.758294,1464.40555,2144483.614,2.707823158,3.483307201,12.13342906,-0.013137677,0.086298776,0.007447479,0.065274927,0.041382832,0.001712539,-1.82E-05,0.202507302,0.041009206,-4.80E-05,0.144985184,0.021020703,5.060789116,2.611625368,6.820587061
37,0.444,0.295,James Arthur - Falling like the Stars (Lyrics)-tU4YzeUqZUs.wav,151.9990809,186669,1278.554795,0.265551656,0.298182219,0.088912636,0.370244771,0.289977163,0.084086753,0.220799375,0.184916122,0.034193972,2.892860174,17.06757545,291.3021545,-5.636425972,75.13185883,5644.795898,0.011288024,2.286041975,5.225987911,0.101952992,0.044681069,0.001996398,869.3255877,494.0975584,244132.3972,1213.15577,446.005759,198921.1371,26.82266479,14.73508176,217.1226345,1588.827893,1267.338705,1606147.392,0.938248793,1.219356623,1.486830574,-0.033843081,0.097566913,0.009519302,0.03769365,0.025454995,0.000647957,3.84E-06,0.09870977,0.009743619,-5.68E-05,0.029503323,0.000870446,4.112253968,1.672673411,2.797836341
38,0.661,0.737,James Arthur - Finally Feel Good (Official Audio)-XjMAHbXCLtQ.wav,78.30255682,97195,1262.272727,0.365514547,0.308698952,0.095295034,0.511301577,0.273879737,0.075010106,0.261843521,0.121537253,0.014771304,20.82769966,140.0216827,19606.07031,2.781803608,54.51394272,2971.77002,0.010102925,3.506133318,12.29297161,0.26520136,0.139344066,0.01941677,1205.629508,644.8994212,415895.2634,1496.598284,581.9416128,338656.0408,24.89221654,15.83512245,250.751103,2569.746961,1646.849385,2712112.895,2.86223286,3.84139106,14.75628527,-0.004445511,0.066894822,0.004474917,0.055697131,0.039462665,0.001557302,0.000157329,0.191092104,0.03651619,1.10E-05,0.169184923,0.028623536,4.637024943,2.401442914,5.766928071
39,0.413,0.29,James Bay - Bad-fyrsExw_LUg.wav,135.9991776,172448,1277.392593,0.299033076,0.316707134,0.100303404,0.412192345,0.308800519,0.095357761,0.23080103,0.173017972,0.029935219,5.135118484,50.50239182,2550.491455,-10.48644257,73.08816528,5341.880371,0.006684775,2.666661739,7.111084461,0.11864496,0.091338359,0.008342695,1165.26537,830.6088318,689911.0315,1251.835698,572.0674734,327261.1942,26.76981227,13.78920112,190.1420674,2181.853473,1600.956424,2563061.47,1.017594242,1.581570362,2.501364808,0.025979468,0.103651613,0.010743657,0.066113735,0.068404641,0.004679195,-1.04E-06,0.135060176,0.018241251,-7.17E-06,0.041716289,0.001740249,12.92770975,5.735638428,32.89754818
40,0.715,0.42,James Bay - Peer Pressure ft. Julia Michaels-e-9aaLDIb_Y.wav,135.9991776,172865,1290.037313,0.288236231,0.311216354,0.096855611,0.369221509,0.293116361,0.085917205,0.224664548,0.181270997,0.032859174,7.339140892,59.83677673,3580.439697,-4.057991028,57.55693054,3312.800049,0.012589959,2.757096767,7.601583004,0.153572947,0.089719959,0.008049672,1211.924281,636.4405628,405056.59,1430.883998,374.8537311,140515.3197,27.54683344,14.69300834,215.884494,2456.647645,1192.441005,1421915.55,1.471271135,2.077352774,4.315394549,0.008885074,0.098594774,0.009720929,0.050343422,0.043986052,0.001934773,5.60E-06,0.148081064,0.021928001,-1.35E-05,0.0663867,0.004407194,3.203192744,1.201763889,1.444236445
41,0.589,0.264,James TW - Incredible-AuDux09cl3A.wav,123.046875,145532,1564.860215,0.310169339,0.304969668,0.093006507,0.39519155,0.292027891,0.085280284,0.225590813,0.170646989,0.029120395,5.585878849,55.4703331,3076.958008,-4.355393887,65.387146,4275.479004,0.010714503,2.366372347,5.599717617,0.130528286,0.08518564,0.007256594,1121.819747,784.4049197,615291.078,1226.863525,622.863983,387959.5413,24.3243637,14.30031607,204.4990397,2212.540788,1603.730551,2571951.68,1.445406641,2.017282438,4.069428433,0.031551089,0.086721618,0.007520639,0.055092448,0.048532342,0.002355388,-3.02E-06,0.117003001,0.013689702,-4.69E-05,0.06568832,0.004314955,11.35687982,1.031287564,1.06355404
42,0.396,0.506,James TW - Suitcase (Official Audio)-m3mjuAWbKq8.wav,117.4538352,147462,1271.224138,0.31298703,0.307397187,0.094493039,0.389724582,0.293923229,0.08639086,0.236396591,0.16568037,0.027449985,7.885814667,59.94472504,3593.369873,-2.918983698,56.81461716,3227.900635,0.013557338,3.491432667,12.19010162,0.170178398,0.079490975,0.006318815,1652.989002,924.9743936,855577.6289,1697.287685,525.3575317,276000.5362,26.73886314,16.58360895,275.0160859,3411.883535,1765.108968,3115609.67,1.703622271,2.150107755,4.622963358,0.023337624,0.089921645,0.008085902,0.072730286,0.072122778,0.005201695,1.66E-05,0.162143841,0.026290627,1.03E-05,0.062774017,0.003940578,2.393977324,0.992253081,0.984566178
43,0.0848,0.206,Jeremy Zucker & Chelsea Cutler - you were good to me (lyrics)-sHiC_26vBP4.wav,103.359375,132091,1282.436893,0.242394641,0.300248355,0.090149075,0.391294956,0.288064867,0.082981363,0.230015059,0.174431666,0.030426406,0.871767402,7.679159641,58.96949387,-12.74316692,91.91188049,8447.793945,0.007106715,2.926077366,8.561928749,0.048368208,0.036908168,0.001362213,851.0876191,510.2975523,260403.5919,1039.2431,416.5822969,173540.8101,26.32098737,12.7436377,162.4003018,1480.15355,1060.661777,1125003.405,0.407039019,0.635055476,0.403295457,-0.02152992,0.101483208,0.010298842,0.042938705,0.032737028,0.001071713,-3.21E-07,0.05395259,0.002910882,-1.50E-05,0.018501965,0.000342323,6.163736961,3.762187849,14.15405741
44,0.278,0.741,"Jeremy Zucker - always, ill care (Lyric Video)-N6SQ9QoSjCI.wav",107.6660156,134921,1297.317308,0.253174692,0.304756194,0.092876345,0.442772418,0.284050256,0.080684543,0.252285645,0.140304264,0.019685287,6.307256699,40.46247864,1637.212036,-9.472533226,63.35447311,4013.789063,0.012100074,3.916076899,15.33565903,0.147279009,0.076001272,0.005776193,1388.922311,805.7577227,649245.5077,1370.907287,421.483344,177648.2093,26.24294311,15.84951711,251.2071926,2405.739619,1517.698368,2303408.336,1.450006396,2.048893444,4.197964347,-0.026074367,0.085006302,0.007226071,0.078591739,0.058174521,0.003384275,-6.99E-07,0.132908911,0.017664779,-1.32E-05,0.075156443,0.005648491,4.509315193,2.298489347,5.283053281
45,0.36,0.445,"Jeremy Zucker - oh, mexico (Lyric Video)--uxeu0MbNR0.wav",78.30255682,98130,1274.415584,0.317679167,0.32288444,0.104254365,0.481882513,0.283952802,0.080629192,0.25193096,0.140940146,0.019864125,3.705655575,30.51994324,931.46698,-7.903917789,67.2742157,4525.819824,0.004460117,2.434769869,5.928104401,0.105048127,0.070124313,0.00491742,1244.485329,823.8531875,678734.0746,1187.092684,524.4107467,275006.6312,25.96191179,13.85696836,192.0155722,2288.565328,1574.795563,2479981.065,1.043165279,1.455837968,2.119464189,-0.002401115,0.085395497,0.007292391,0.079557909,0.072626603,0.005274624,7.22E-06,0.107966192,0.011656699,6.28E-06,0.045075536,0.002031804,9.885895692,2.612155887,6.823358376
46,0.596,0.649,Joel Adams - Fake Friends (Official Music Video)-IIMdhihx4i4.wav,172.265625,215093,1387.696774,0.425361365,0.307263762,0.094411023,0.496219307,0.28658241,0.082129478,0.260247799,0.124917639,0.015604417,16.86399841,180.2976074,32507.22656,-0.324252546,47.74950027,2280.014648,0.011750575,3.526234627,12.43432999,0.223169491,0.15844354,0.025104357,1995.266224,860.2294065,739994.6318,1899.467066,345.5021895,119371.7629,25.36733163,17.2198495,296.523217,4076.50035,1433.175933,2053993.255,2.408555656,3.401892042,11.57286947,0.012726059,0.074336832,0.005525965,0.097001681,0.082868766,0.006867232,-6.23E-06,0.196936131,0.038783837,-1.97E-06,0.147003874,0.021610139,6.654839002,2.078301389,4.319336664
47,0.768,0.235,Joel Adams - Please Dont Go (Official Music Video)-S2oxFIsENgM.wav,83.35433468,102980,1303.544304,0.352102965,0.305194497,0.093143679,0.474202842,0.267658532,0.071641095,0.258760389,0.127970288,0.016376395,6.078541756,56.22081375,3160.780029,-1.478288293,51.76144028,2679.246826,0.009839482,2.572272778,6.616587162,0.150548175,0.074302711,0.005520893,1840.96412,749.4614371,561692.4457,1671.68809,386.7330152,149562.425,25.6776581,16.84685332,283.8164668,3545.411895,1309.57675,1714991.263,1.850180378,2.233597435,4.988957502,0.01258893,0.072519779,0.005259118,0.103063058,0.076498952,0.00585209,9.12E-07,0.116347834,0.013536818,2.39E-05,0.086938761,0.007558348,5.229133787,1.632027525,2.663513842
48,0.581,0.329,John K - 6 months (Audio)-BIJFhBjt3mc.wav,143.5546875,181040,1274.929577,0.278856665,0.305942625,0.093600892,0.430403113,0.283948153,0.080626547,0.24627509,0.150605157,0.022681913,6.373434544,42.77409744,1829.623291,-6.715860844,56.17509079,3155.640869,0.008349173,3.190057278,10.17646599,0.152652264,0.076174982,0.005802628,1618.500347,724.784895,525313.144,1694.963377,461.0597454,212576.0889,27.7453282,16.64022377,276.8970471,3320.188257,1526.605628,2330524.744,1.616284291,2.062894427,4.255533416,-0.006295126,0.08750454,0.007657045,0.075404495,0.051750163,0.002678079,1.99E-06,0.144497365,0.02087949,-9.80E-07,0.055807501,0.003114477,3.79414059,1.591429357,2.532647399
49,0.668,0.659,John Mayer - Carry Me Away (Official Lyric Video)-6YDwBktDthA.wav,117.4538352,148152,1346.836364,0.366499543,0.315531284,0.09956,0.446754664,0.296335459,0.087814711,0.24120492,0.158598613,0.02515352,3.474439621,59.47685623,3537.496582,-3.580151558,71.46822357,5107.70752,0.006283561,3.159494877,9.98240757,0.092202015,0.079790503,0.006366524,1173.552192,754.2550037,568900.6107,1406.651812,552.346358,305086.4992,24.74626716,14.11593131,199.2595168,2419.614536,1644.699528,2705036.536,0.791130395,1.279242113,1.636460384,0.009057471,0.08214101,0.006747145,0.050595121,0.045615325,0.002080758,-2.64E-06,0.096254908,0.009265007,-2.52E-05,0.057401594,0.003294943,6.824344671,3.045789872,9.276835944
50,0.573,0.767,JOHN.k - If We Never Met (Lyrics)-ATE6kDsmuOE.wav,53.83300781,67747,1302.826923,0.323684663,0.321305662,0.103237331,0.398964882,0.312674642,0.097765423,0.233335521,0.169964314,0.028887868,11.58360386,113.5162125,12885.93066,-4.904802799,57.06078339,3255.932861,0.012167902,4.844773293,23.47182655,0.196640462,0.110425003,0.012193682,1584.659116,809.4411157,655194.9198,1738.115092,475.7769644,226363.7199,26.83965867,16.33680499,266.8911971,3346.600597,1757.200411,3087753.284,1.824291507,2.507642173,6.288269267,0.010480337,0.111517582,0.012436171,0.071051158,0.060607037,0.003673213,5.31E-06,0.168851376,0.028510787,6.19E-05,0.128672436,0.016556595,3.312326531,1.810311938,3.277229311
51,0.455,0.365,Jon Bryant -Headphones [Official Music Video]-9GXURaGDYUU.wav,161.4990234,196084,1298.569536,0.283498108,0.314189434,0.098715007,0.370974094,0.300630987,0.090378992,0.223441111,0.177677146,0.031569168,9.784910202,79.70448303,6352.805176,-2.329577923,62.95016861,3962.723633,0.013133127,2.715178728,7.372195244,0.174974442,0.106232502,0.011285345,1214.574832,699.1087938,488753.1056,1493.364031,624.6587006,390198.4922,24.84031965,15.15962108,229.8141113,2727.125176,1610.114031,2592467.194,1.557233087,2.272968258,5.166384703,-0.02606565,0.09689647,0.009388926,0.041539242,0.035329464,0.001248171,-1.86E-05,0.17216973,0.029642414,2.21E-05,0.073931739,0.005465901,3.94739229,0.959520903,0.920680363
52,0.774,0.35,Jonas Brothers - I Believe (Lyrics)-ii_P1r1L8gg.wav,99.38401442,108137,1188.318681,0.436370164,0.295365989,0.087241061,0.451727748,0.278283805,0.077441879,0.244629633,0.15326342,0.023489676,14.99630547,99.82105255,9964.243164,5.731814861,52.48553848,2754.731934,0.01299699,3.308350325,10.94518185,0.241679087,0.084491886,0.007138879,1439.321157,795.8031455,633302.6464,1676.812022,567.5529848,322116.3906,24.26528524,17.09569303,292.2627201,3145.451813,1715.889872,2944278.054,2.70714399,3.322401778,11.03835357,-0.007328866,0.080846341,0.006536131,0.057768358,0.05181485,0.002684779,-3.26E-06,0.188506529,0.03553471,-0.000129818,0.114668138,0.013148783,2.644752834,1.43046794,2.046238527
53,0.393,0.529,Josie Dunne - Stay The Way I Left You (Lyrics) ft. Dahl-mKOgWq7joAI.wav,184.5703125,222516,1390.725,0.209006503,0.292426378,0.085513189,0.336013854,0.305630654,0.093410105,0.206001882,0.183764428,0.033769365,3.958087444,29.04976273,843.8887329,-8.961789131,68.61522675,4708.049316,0.011980494,3.26829505,10.68175316,0.116781406,0.061359551,0.003764995,1292.498355,902.2994768,814144.3458,1351.524941,639.9517164,409538.1993,25.62159215,15.24736535,232.4821503,2566.713646,1769.510745,3131168.276,1.073614055,1.449493683,2.101031937,0.02134058,0.095182068,0.009059626,0.062210319,0.066167958,0.004378199,8.49E-06,0.11369206,0.012925885,-1.33E-05,0.044613037,0.001990323,12.37043084,4.289429425,18.39920479
54,0.435,0.137,JP Saxe - Explain You-NkieGPi4VAc.wav,123.046875,150658,1255.483333,0.372452706,0.297748327,0.088654071,0.480243951,0.274585158,0.075397015,0.250656902,0.143193753,0.020504451,7.244050026,49.60357285,2460.514404,0.295069516,67.66538239,4578.604004,0.011957962,2.57855463,6.648944378,0.156265125,0.079088181,0.00625494,866.0789411,559.6961565,313259.7876,1181.032743,557.4869772,310791.7297,25.44482293,14.39596724,207.2438727,1719.585435,1386.824876,1923283.237,1.523042575,1.944515711,3.78114135,0.010631533,0.079797538,0.006367647,0.035737879,0.026534577,0.000704084,1.63E-05,0.138972118,0.01931325,2.62E-05,0.065882877,0.004340554,5.434630385,2.130517517,4.539104889
55,0.473,0.604,JP Saxe - If the World Was Ending (Official Video) ft. Julia Michaels-1jO2wSpAoxA.wav,75.99954044,88910,1234.861111,0.333234847,0.302876681,0.09173429,0.51679939,0.260251403,0.067730792,0.263149028,0.118684129,0.014085923,2.436735868,16.40499306,269.1237793,-6.58386898,71.47534943,5108.725098,0.007118992,3.606822252,13.00916672,0.086530693,0.064672858,0.004182578,1667.729174,1041.818222,1085385.208,1543.118641,422.879966,178827.4657,25.13432418,15.98172182,255.4154322,3019.319243,1797.211863,3229970.479,0.934468638,1.391623828,1.936616878,-0.013003088,0.067800811,0.00459695,0.099017731,0.096665163,0.009344154,-1.98E-06,0.080978841,0.006557573,-1.84E-05,0.054117586,0.002928713,2.713251701,1.673613971,2.800983724
56,0.466,0.396,Julia Michaels - 17-aB1r9JDPRxE.wav,99.38401442,120610,1269.578947,0.287195414,0.305020154,0.093037292,0.387604535,0.296149164,0.087704331,0.232163531,0.171561732,0.029433428,3.738533974,32.32069778,1044.627563,-6.993639469,67.05465698,4496.32666,0.011383387,3.949929237,15.60194111,0.110583268,0.0645997,0.004173121,1333.396041,794.7526948,631631.8459,1341.581212,521.9179586,272398.3555,25.90830239,14.53695029,211.3229238,2615.088354,1551.930984,2408489.778,1.105803208,1.495459072,2.236397836,0.01762449,0.107457609,0.011547138,0.06774241,0.059404967,0.00352895,-1.10E-06,0.109415121,0.011971669,3.95E-05,0.046550032,0.002166905,3.55845805,1.699517877,2.888361013
57,0.485,0.408,Julia Michaels - Falling For Boys (Official Audio)-nMNmrzWhL18.wav,73.828125,84510,1207.285714,0.228246301,0.301634431,0.090983339,0.380971134,0.291404694,0.084916689,0.234514864,0.168333335,0.028336112,4.946849823,35.25212479,1242.71228,-11.68235683,60.42194748,3650.811768,0.007750941,3.101858854,9.621527672,0.129836947,0.072444104,0.005248148,1636.505461,697.814664,486945.3053,1612.130935,375.9146578,141311.8299,26.46701652,15.56453183,242.2546512,3265.801085,1331.940365,1774065.137,1.316035983,1.785001555,3.186230552,0.02273801,0.103660099,0.010745416,0.076109328,0.054543762,0.002975022,2.33E-06,0.126734063,0.016061524,1.20E-05,0.053320311,0.002843055,4.923791383,2.98739381,8.924521773
58,0.251,0.339,JUNG - Let Him Go (Lyrics) feat. Clara Mae-yWZzEi8RB2g.wav,143.5546875,185482,1288.069444,0.281920075,0.312519848,0.097668655,0.376080692,0.289760172,0.083960958,0.224858439,0.181030427,0.032772016,6.020040035,55.07917023,3033.714844,-4.00348711,67.99291229,4623.036133,0.012829431,3.084652662,9.515082359,0.1336959,0.092160545,0.008493566,1351.306888,938.9144376,881560.3211,1543.664013,651.9261383,425007.6898,26.76503917,15.36876871,236.1990516,2768.283261,2099.137686,4406379.026,1.216849622,1.802557666,3.249214138,-0.022699656,0.09454842,0.008939404,0.057388353,0.057319522,0.003285528,5.34E-06,0.145279661,0.021106178,-4.95E-05,0.047967672,0.002300898,7.234176871,4.821775939,23.2495232
59,0.553,0.86,Justin Bieber - Intentions (Lyrics) ft. Quavo-yrYxt1FZYgA.wav,143.5546875,185940,1273.561644,0.323318094,0.321670145,0.103471681,0.400516361,0.298544198,0.089128636,0.240003163,0.160411393,0.025731815,18.82361794,224.8605804,50562.27734,-1.003148317,47.79958344,2284.800293,0.008814658,3.832683325,14.68946171,0.244590685,0.150090754,0.022527233,1984.862903,1006.674074,1013392.691,2042.972803,481.7896762,232121.292,25.57972208,17.89436857,320.2084264,4283.615764,1999.299148,3997197.084,2.246375732,2.947930645,8.690295085,-0.015478926,0.093228631,0.008691578,0.079695852,0.063321316,0.004009589,-1.81E-05,0.243567452,0.059325106,-0.000132077,0.101531439,0.010308634,2.093278912,1.168710742,1.365884799
60,0.477,0.531,Kelsea Ballerini - Better Luck Next Time (Lyrics)-HxvKtkCHeWo.wav,99.38401442,127518,1275.18,0.291764796,0.296855807,0.088123366,0.424430698,0.296597004,0.087969787,0.241923666,0.157500074,0.024806273,4.208130836,31.20703316,973.8789673,-4.677624702,59.74980927,3570.039551,0.010388591,3.066546917,9.403710365,0.124044791,0.056922119,0.003240128,1507.805193,731.1373253,534561.7885,1561.211206,480.9435368,231306.6856,27.67982122,15.71477659,246.9542033,2995.690219,1416.455042,2006344.885,1.273403884,1.584716126,2.511325201,0.007366192,0.101862272,0.010375922,0.077541859,0.062141615,0.00386158,1.55E-06,0.119585633,0.014300724,4.31E-05,0.043055579,0.001853783,2.737632653,1.515267063,2.296034271
61,0.455,0.204,Lauv - Changes [Official Video]-pPAAFMtDUzo.wav,143.5546875,185687,1289.493056,0.299181223,0.303186476,0.091922045,0.436822116,0.291880161,0.085194021,0.238687295,0.162362892,0.026361709,11.7409296,119.7139435,14331.42871,0.079620533,52.6381073,2770.770508,0.010582357,2.863959074,8.202261925,0.197787821,0.107927665,0.01164838,1364.905474,723.2354846,523069.5661,1629.364852,471.6395102,222443.8276,25.58637854,16.42026481,269.6250965,2821.687104,1601.894486,2566065.945,2.001344636,2.604605017,6.783967296,-0.007436105,0.088866259,0.007897212,0.056632311,0.045573273,0.002076923,3.76E-06,0.171927422,0.029559037,-6.19E-06,0.097784266,0.009561762,2.627337868,1.319156564,1.740174041
62,0.508,0.143,Lauv - Modern Loneliness [Official Audio]-bDidwMxir4o.wav,83.35433468,101856,1520.238806,0.293007791,0.30528006,0.093195923,0.378664792,0.287240177,0.082506925,0.226063085,0.179523856,0.032228815,2.717309475,27.82565689,774.2671509,-5.734437466,69.78607941,4870.09668,0.015250978,3.264535666,10.65719318,0.092320897,0.057434775,0.003298753,1327.557811,877.453312,769924.3148,1455.426133,671.5773203,451016.0971,27.2822404,14.4036233,207.464364,2825.120417,1891.491831,3577741.348,0.874382909,1.185772784,1.406057095,0.01742023,0.102547021,0.010515891,0.059850356,0.056333132,0.003173422,-1.19E-05,0.093477033,0.008737956,2.60E-05,0.034068685,0.001160675,6.851047619,3.869377277,14.97208051
63,0.398,0.567,Lauv - Sims [Official Audio]-4-wBllGU6hA.wav,99.38401442,128689,1313.153061,0.303080201,0.302241743,0.091350071,0.431892902,0.28302303,0.080102034,0.241384433,0.158325263,0.025066889,9.587058067,68.46025848,4686.807129,-4.569059372,59.76469421,3571.818848,0.008352166,3.754806519,14.09857178,0.186478883,0.084322028,0.007110205,1303.441886,778.3268944,605792.7546,1480.752403,565.625815,319932.5625,26.07043992,15.88882745,252.4548379,2593.363485,1746.880649,3051592.001,1.906107193,2.408167652,5.79927144,-0.01764221,0.091713278,0.008411325,0.062160433,0.053275835,0.002838315,1.10E-05,0.170823574,0.029180694,-1.14E-06,0.076093055,0.005790154,4.751963719,2.610559876,6.815022865
64,0.466,0.246,Lauv – Feelings (Lyrics)-S_w9RTYlsT4.wav,69.83741554,81403,1214.970149,0.305572331,0.30454579,0.092748143,0.384094298,0.29657191,0.087954901,0.226615515,0.178826009,0.031978742,10.16576862,97.35077667,9477.173828,-5.33139801,54.53776169,2974.367432,0.012687306,3.236454487,10.47463799,0.179521874,0.112604968,0.01267988,1715.46158,768.405723,590447.3552,1716.163626,448.3903805,201053.9333,26.14937768,15.74871099,248.0218979,3659.832036,1595.049979,2544184.437,1.813110715,2.494542198,6.22274078,-0.011504078,0.10131864,0.010265467,0.07893244,0.057119121,0.003262594,-7.12E-06,0.183528513,0.033682715,2.07E-05,0.066782109,0.00445985,10.22490703,4.075014552,16.6057436
65,0.575,0.183,Lewis Capaldi - Before You Go (Official Video)-Jtauh8GcxBY.wav,112.3471467,141099,1271.162162,0.32662797,0.320524275,0.102735803,0.436564624,0.295657575,0.087413408,0.239268226,0.16150557,0.026084049,9.038000107,77.38361359,5988.223633,-1.553657174,57.28290558,3281.331055,0.011480323,2.367910624,5.607000351,0.171146393,0.099369548,0.009874307,1363.790062,785.0586488,616317.082,1648.701436,562.9416084,316903.2545,25.74924491,16.46270019,271.0204976,3066.818955,1735.148915,3010741.757,1.603698171,2.169132335,4.705135086,0.005153083,0.087082364,0.007583338,0.053121561,0.048527983,0.002354965,5.82E-06,0.173496202,0.03010093,-3.33E-05,0.059428778,0.00353178,13.51981859,4.185771999,17.52068723
66,0.53,0.162,Lewis Capaldi - Hold Me While You Wait (Lyrics)-QZ5GzGYgWJw.wav,107.6660156,125331,1228.735294,0.301302671,0.305903792,0.093577132,0.391969979,0.287057698,0.082402125,0.227887944,0.177201632,0.031400419,2.026855469,14.75199509,217.6213684,-4.514415264,70.49266052,4969.214844,0.013534212,2.998305082,8.989832878,0.084928669,0.041503534,0.001722543,1245.101734,753.5656151,567861.1363,1422.249996,563.0277815,317000.2827,26.43006208,15.29099926,233.8146583,2540.534638,1593.742093,2540013.859,0.860518976,1.135189635,1.288655507,0.007591681,0.099890924,0.009978197,0.05426819,0.042386906,0.00179665,8.26E-06,0.079433143,0.006309624,1.77E-05,0.032023039,0.001025475,3.590965986,1.908862111,3.643754558
67,0.446,0.135,Lewis Capaldi - Leaving My Love Behind (Lyrics)-NEjEPKQabfA.wav,103.359375,123118,1243.616162,0.267524779,0.307005197,0.094252199,0.333023012,0.294538409,0.086752877,0.212453841,0.195439757,0.038196699,2.918714285,21.03121948,442.3121643,-5.500725746,78.24752808,6122.675781,0.012637669,3.034184933,9.206277847,0.100290611,0.05053046,0.002553327,945.5512043,699.8350368,489769.0788,1105.492769,572.886442,328198.8754,26.75988124,13.34212201,178.0122197,1799.747451,1510.083992,2280353.663,0.894320285,1.202606736,1.44626296,-0.01465836,0.11643774,0.013557747,0.044322672,0.036389818,0.001324219,3.47E-06,0.09897048,0.009795156,-8.45E-06,0.033439487,0.001118199,4.610321995,2.310980204,5.340629501
68,0.612,0.308,Lukas Graham - Lie [OFFICIAL MUSIC VIDEO]-8Mq35AAJT1w.wav,92.28515625,105445,1597.651515,0.315116256,0.305162042,0.093123868,0.415701628,0.287204713,0.082486548,0.230137549,0.169485412,0.028725305,5.714544296,56.93161392,3241.208496,-4.62908411,63.15613556,3988.697266,0.012282798,2.358598232,5.56298542,0.124809168,0.102765948,0.01056084,1539.922673,707.8742908,501086.0115,1520.7727,521.3488313,271804.6039,24.76327717,16.10517057,259.376519,3040.606614,1553.741202,2414111.723,1.439243781,2.251086773,5.067391659,-0.009130235,0.084182613,0.007086712,0.078631422,0.050624381,0.002562828,2.79E-05,0.136495277,0.018630959,-5.18E-05,0.056262333,0.00316545,17.03531973,1.993136242,3.97259208
69,0.85,0.561,Luke Combs - All Over Again (Audio)-UeOOffriMLY.wav,161.4990234,79794,839.9368421,0.359780997,0.297240436,0.088351876,0.4821468,0.28129071,0.079124458,0.253745204,0.13764703,0.018946705,9.943715096,58.95212173,3475.352539,1.920846581,53.98763657,2914.665039,0.01281422,3.515724182,12.36031628,0.197684869,0.084813587,0.007193345,1596.300113,646.4909041,417950.4891,1632.70909,425.1959082,180791.5603,25.65450194,16.79304526,282.006369,3229.230473,1351.651672,1826962.243,2.604922253,3.389575673,11.48922324,0.014018381,0.076027497,0.00578018,0.077921675,0.043980848,0.001934315,-4.32E-06,0.154184029,0.023772715,-3.90E-05,0.100445256,0.010089249,4.59755102,1.60424514,2.573602471
70,0.177,0.221,Maisie Peters - Favourite Ex - Lyric Video-TbjLHBHTqS4.wav,117.4538352,144658,1247.051724,0.239314884,0.307588875,0.094610907,0.363493592,0.294173181,0.086537853,0.220038469,0.186859319,0.034916405,4.371242523,32.63028717,1064.735718,-6.054844856,68.97959137,4758.183594,0.008111825,3.026367188,9.158898354,0.126814499,0.053037155,0.00281294,1098.933437,611.7986245,374297.5569,1410.333967,488.7397627,238866.5557,27.9133998,14.86353859,220.9247794,2287.311169,1536.16407,2359800.049,1.003981644,1.259188422,1.585555481,-0.016623572,0.098664838,0.00973475,0.041177189,0.03168736,0.001004089,-4.04E-06,0.125735492,0.015809413,-2.36E-05,0.033695057,0.001135357,1.956281179,0.964030187,0.929354201
71,0.612,0.335,Maren Morris - The Bones (Official Video)-gvPMVKUI9go.wav,78.30255682,94802,1264.026667,0.296090215,0.304856211,0.092937313,0.423079163,0.287960768,0.082921408,0.238601906,0.16248835,0.026402464,12.63768959,81.63848877,6664.842285,0.915706396,57.17518234,3269.001465,0.009220774,2.717043877,7.382328033,0.213248238,0.094850123,0.008996545,1148.073449,505.1098216,255135.9319,1377.202533,457.2365993,209065.3078,25.66199493,14.51656438,210.7306414,2496.418238,1307.142678,1708621.98,2.239114502,2.890383173,8.354314887,-0.000515746,0.090176827,0.00813186,0.049651627,0.025800582,0.00066567,1.35E-05,0.190242171,0.036192082,6.85E-05,0.084169537,0.007084511,3.37385941,1.865750448,3.481024735
72,0.32,0.575,Maroon 5 - Memories (Official Video)-SlPhMPnQ58k.wav,172.265625,229010,1279.385475,0.240759388,0.297380745,0.088435307,0.408247977,0.288618088,0.083300404,0.242598378,0.156458813,0.02447936,5.250237465,39.53531647,1563.041382,-7.201038361,56.01808167,3138.025635,0.00946375,2.358568668,5.562846661,0.142400131,0.052061368,0.002710386,1444.02287,642.9578599,413394.8096,1611.468017,449.5204786,202068.6607,26.12365646,16.56514978,274.4041871,3020.410903,1566.573757,2454153.336,1.331142043,1.487176431,2.211693738,0.002865579,0.102422299,0.010490327,0.066474088,0.044229916,0.001956285,4.35E-06,0.134562284,0.018107008,2.12E-05,0.041705094,0.001739315,5.707464853,3.544315966,12.56217566
73,0.589,0.577,Matt Simons ft. Betty Who - Dust (Official Lyric Video)-m342B1Vv3tM.wav,123.046875,152251,1258.272727,0.404901862,0.306187183,0.093750596,0.539959133,0.280380249,0.07861308,0.260247101,0.124919092,0.01560478,20.81254196,223.4568024,49932.94141,1.373116374,52.5740509,2764.030762,0.010712393,2.972801208,8.837546349,0.251368284,0.161870956,0.026202207,1444.442163,820.8787892,673841.9865,1544.800669,438.3489943,192149.8408,24.78069182,16.05717313,257.832809,2907.990749,1548.188602,2396887.947,2.377996794,3.130627008,9.800825462,0.006376354,0.06833926,0.004670254,0.066181195,0.071653058,0.005134161,9.39E-06,0.179992408,0.032397266,2.91E-05,0.200557694,0.04022339,1.972535147,1.161287365,1.348588345
74,0.538,0.288,Miley Cyrus - Slide Away (Official Video)-rrvFv6j3-sM.wav,73.828125,92339,1264.917808,0.392265886,0.305386245,0.09326075,0.363146603,0.306789905,0.094120048,0.212100517,0.195823145,0.038346704,15.77027321,125.8162003,15829.7168,4.475446224,50.6178627,2562.168213,0.015826747,3.155890942,9.959648132,0.242948592,0.096941516,0.009397658,1295.613347,658.728682,433923.4765,1528.72474,454.0056323,206121.1142,25.88058109,15.62494695,244.1389672,2800.799731,1479.568011,2189121.5,2.269817957,2.764317909,7.6414535,0.00550066,0.111079071,0.01233856,0.052702251,0.044706737,0.001998692,1.33E-05,0.221401826,0.04901877,2.59E-05,0.099692598,0.009938614,6.852208617,3.859942257,14.89915422
75,0.341,0.395,Mokita - colorblind (Lyrics)-KWIpD1ZMqOg.wav,143.5546875,187054,1326.624113,0.291665405,0.305886537,0.093566567,0.415043533,0.28411743,0.080722719,0.235543929,0.166890356,0.027852391,7.535804749,73.86174011,5455.557129,-11.14468765,55.81852341,3115.70752,0.011730616,2.45668745,6.035312653,0.149606064,0.10503561,0.01103248,1577.089929,717.0034932,514094.0093,1588.984691,501.1524826,251153.8108,26.73064723,15.37540754,236.4031571,3204.747288,1562.886041,2442612.777,1.535665636,2.183727253,4.768664717,0.013619816,0.099728512,0.009945776,0.084398394,0.055584858,0.003089676,-4.23E-06,0.157918066,0.024938114,-5.21E-06,0.062297184,0.003880939,5.368453515,2.535855064,6.430560904
76,0.394,0.816,Mokita ? Til I Dont (Lyrics)-V13uPlC0Tr0.wav,107.6660156,136645,1352.920792,0.349660873,0.313380688,0.098207451,0.491272569,0.281641364,0.079321861,0.262213179,0.120737659,0.014577582,6.70812273,76.29310608,5820.638184,-3.690444231,55.82484436,3116.41333,0.007943293,3.923728466,15.39564514,0.140194848,0.099925339,0.009985073,1688.008699,828.7836653,686882.3638,1765.458186,429.5636331,184524.9149,24.87314609,16.77060806,281.2532946,3492.899712,1627.543005,2648896.232,1.533957915,2.340325336,5.477122678,0.019566697,0.074088103,0.005489047,0.082499312,0.067238452,0.004521009,1.26E-06,0.108375475,0.011745244,1.76E-05,0.107681781,0.011595367,4.053043084,2.332160679,5.438973433
77,0.465,0.299,Niall Horan - Put A Little Love On Me (Official)-bO3S8CKafbE.wav,99.38401442,116060,1247.956989,0.361272395,0.302691907,0.091622382,0.44870007,0.274055868,0.075106621,0.244134818,0.154050394,0.023731524,13.52126694,77.39038086,5989.270508,-1.535469294,67.93389893,4615.01416,0.009846523,2.327415466,5.416862965,0.203135863,0.132409006,0.017532146,1106.860583,584.9312947,342144.6196,1383.642766,534.0203528,285177.7372,24.70649028,15.29993218,234.0879248,2226.565703,1391.784127,1937063.055,2.227833634,3.170170028,10.04997801,-0.020433269,0.084649751,0.00716558,0.047127455,0.031772255,0.001009476,8.70E-06,0.205545023,0.042248759,2.48E-05,0.074892737,0.005608922,14.47067574,7.966027035,63.45758672
78,0.778,0.413,Nick Cave & The Bad Seeds - Straight To You-CYbOHXMtelU.wav,143.5546875,183554,1292.633803,0.343879074,0.296611547,0.087978408,0.454953045,0.275901705,0.076121755,0.246541489,0.150168664,0.022550628,1.063958645,5.305552959,28.14889145,-5.140325069,71.7477417,5147.73877,0.007248768,1.767265797,3.12322855,0.068107121,0.02253958,0.000508033,1596.572054,865.7527155,749527.7644,1562.505677,593.9918761,352826.3489,26.75472195,16.51066172,272.6019506,3147.147636,1847.614583,3413679.647,0.897686951,1.148052347,1.318024191,0.01350705,0.087710733,0.007693173,0.090174436,0.057106438,0.003261145,4.86E-07,0.058075622,0.003372778,-8.96E-06,0.025062436,0.000628126,6.494621315,4.283714125,18.3502067
79,0.589,0.11,Nightly - Twenty Something (Stripped Sessions)-apOsvCbeHPw.wav,99.38401442,123132,1383.505618,0.497079283,0.280840904,0.078871608,0.262744695,0.290460825,0.084367499,0.177854496,0.227378784,0.051701112,10.58027935,73.76701355,5441.572754,3.483733177,70.4405365,4961.869141,0.013334129,2.176154375,4.735647678,0.203091741,0.060250182,0.003630084,897.2363668,621.7213297,386537.4118,1226.783425,604.1432855,364989.1094,24.9286772,14.4417404,208.5638658,1881.542789,1486.684686,2210231.354,1.492648818,1.678062155,2.815892595,0.001722905,0.132849661,0.017649032,0.023928994,0.036770309,0.001352056,-1.76E-05,0.200385302,0.040154267,-9.30E-06,0.032070138,0.001028494,7.546485261,1.599364451,2.557966648
80,0.628,0.567,Nina Nesbitt - Black & Blue (Lyric Video)-8VGv8-IUY00.wav,71.77734375,88157,1259.385714,0.293013662,0.300633162,0.090380296,0.429438561,0.284498781,0.080939561,0.241651181,0.157917827,0.02493804,8.093524933,87.86869049,7720.907227,-4.429881096,53.11620331,2821.331055,0.011444245,2.775934458,7.705811977,0.149001762,0.112815298,0.012727291,1550.450769,684.6758553,468781.0269,1611.491688,430.2472538,185112.6994,25.55791649,15.58973092,243.03971,3193.280691,1443.080509,2082481.356,1.676417549,2.479085746,6.145866138,0.027918065,0.090845566,0.008252917,0.070664917,0.051663644,0.002669132,-6.03E-06,0.135097548,0.018251346,-2.25E-05,0.096297696,0.009273246,6.849886621,2.873425997,8.256576958
81,0.332,0.515,Nina Nesbitt - Still Waiting To Start-ABBtVeY7Cbs.wav,86.1328125,112499,1278.397727,0.277493894,0.308532864,0.095192529,0.357429504,0.299438119,0.089663193,0.221175178,0.185512463,0.034414874,7.805409908,70.28517151,4940.004883,-6.333621979,61.95285416,3838.15625,0.013588453,2.972142458,8.833630562,0.156859994,0.092817143,0.008615023,1316.680137,774.9516511,600550.0615,1492.411874,534.406779,285590.6055,27.56824354,14.1551452,200.3681356,2708.650288,1635.192311,2673853.893,1.259148061,1.644612174,2.704749204,0.009001531,0.116116965,0.01348315,0.059716192,0.056344859,0.003174743,1.25E-05,0.164697871,0.027125387,5.34E-05,0.058410823,0.003411824,6.159092971,3.040447807,9.244322869
82,0.211,0.362,Noah Cyrus ft. Leon Bridges - July (Lyric Video)-WQl4ldBoGtE.wav,71.77734375,75537,1162.107692,0.273542404,0.300938725,0.090564109,0.401506484,0.291053474,0.084712118,0.237125115,0.164636002,0.027105013,8.10746479,48.97519302,2398.56958,-5.655321598,64.87918854,4209.309082,0.00930172,3.397572041,11.54349613,0.169939041,0.080230072,0.006436865,1159.968138,668.2735646,446589.5571,1400.143476,426.6453396,182026.2458,27.50012423,14.55442337,211.8312396,2384.810579,1512.700877,2288263.942,1.613945111,2.14768778,4.612562802,0.018404774,0.10698047,0.011444821,0.05105109,0.045274105,0.002049745,-5.39E-07,0.161756396,0.026165131,-2.66E-05,0.057136968,0.003264633,2.181514739,1.203310722,1.447956693
83,0.864,0.74,P!nk - Hurts 2B Human ft. Khalid-Z25aDKQ7Ojw.wav,123.046875,158285,1376.391304,0.306611776,0.312376797,0.097579256,0.40958035,0.294131607,0.0865134,0.235817501,0.166503572,0.027723439,3.605054617,37.5017662,1406.382446,-5.78445673,67.81571198,4598.970703,0.012253573,2.634717226,6.941734791,0.100423403,0.076138407,0.005797057,1233.479049,678.9359951,460954.0855,1492.550984,406.5829859,165309.7244,24.55371744,14.69695977,216.0006264,2409.931261,1436.489653,2063502.524,0.966604188,1.508445972,2.275409251,0.012560841,0.096293213,0.009272383,0.055597169,0.054176024,0.002935042,4.28E-06,0.097668283,0.009539094,-7.41E-06,0.05459363,0.002980465,6.900970522,3.539071503,12.52502711
84,0.54,0.249,Parachute - Had It All-t7gZ7GuTTRE.wav,78.30255682,93018,1431.046154,0.355451137,0.325439543,0.105910897,0.424395025,0.313616693,0.098355435,0.235361167,0.167148002,0.027938454,6.625912189,60.25832367,3631.06543,-4.426655769,58.33164978,3402.581543,0.005187033,2.897451639,8.395225525,0.1436349,0.089633472,0.008034159,1483.767374,846.7177056,716930.873,1504.051618,480.6386744,231013.5353,25.56340751,16.16976563,261.4613206,2825.374582,1676.203994,2809659.829,1.283136167,1.793124563,3.215295699,0.015460147,0.094945101,0.009014572,0.074681899,0.075934963,0.005766119,2.92E-06,0.140921935,0.019858994,-1.87E-06,0.071217239,0.005071895,10.68814512,1.636588461,2.67842179
85,0.46,0.286,Rasmus Hagen - Closer To You (Lyrics) ft. Nora Andersson-Cmlg7s9xK0Q.wav,89.10290948,107589,1312.060976,0.340534031,0.307183504,0.094361708,0.490671009,0.279463768,0.078100003,0.253696081,0.137737546,0.018971632,6.128394127,54.67876434,2989.76709,-0.135420531,63.10352707,3982.055176,0.011117778,2.714447975,7.368227482,0.145545304,0.071788155,0.00515354,1090.701764,606.6661527,368043.8208,1400.733088,539.4161545,290969.7877,25.26647346,14.92476495,222.7486089,2316.531826,1513.294348,2290059.784,1.413143139,1.784803722,3.185524326,0.023124347,0.064785741,0.004197192,0.043191349,0.032747815,0.001072419,0.00010446,0.10488335,0.011000518,-0.000101962,0.098470509,0.009696442,5.59600907,2.191599647,4.803109012
86,0.157,0.356,Rhys Lewis - Be Your Man (Lyric Video)-AoqrN56_7i4.wav,78.30255682,90004,1475.47541,0.273651659,0.303831756,0.092313737,0.427988321,0.279055387,0.077871904,0.243426184,0.155167736,0.024077026,2.780611038,24.65794945,608.0144653,-9.432548523,75.83665466,5751.19873,0.008918114,3.003729343,9.022390366,0.084738791,0.076531284,0.005857038,1257.660643,867.3945189,752373.2514,1255.68102,555.4875197,308566.3845,26.80796297,13.84531828,191.6928383,2289.28199,1581.149405,2500033.442,0.855740455,1.484241623,2.202973195,0.013962885,0.092704456,0.008594116,0.070235781,0.068083319,0.004635338,-7.72E-08,0.095868997,0.009190865,1.93E-06,0.042275786,0.001787242,4.73106576,2.877343805,8.279107369
87,0.673,0.525,Rhys Lewis - End Like This (Lyrics)-Y7HnIuw3RPM.wav,61.5234375,73715,1249.40678,0.313070595,0.313897192,0.098531455,0.390542984,0.296917945,0.088160269,0.235893548,0.166395815,0.027687567,14.82832909,98.6754837,9736.850586,-3.370865583,54.51499176,2971.884277,0.012498718,3.110512018,9.675284386,0.219004557,0.131320164,0.017244985,1503.057742,625.1471429,390808.9503,1595.976155,360.7746863,130158.3743,25.71434508,16.19092931,262.1461919,3001.06102,1336.333039,1785785.99,2.530725238,3.651729133,13.33512566,-0.0041455,0.096946614,0.009398646,0.071751834,0.053738028,0.002887776,-1.07E-06,0.194182992,0.037707034,-1.82E-05,0.103382476,0.010687937,4.90521542,2.065138892,4.264798645
88,0.381,0.527,Rhys Lewis - Things You Can't Change (Lyric_Lyrics Video)-K8gW6m5i6IA.wav,86.1328125,107324,1277.666667,0.291474402,0.31234467,0.097559191,0.41294688,0.297668368,0.088606454,0.237312163,0.16436627,0.027016271,3.397937775,23.32161331,543.897644,-5.337944031,68.22941589,4655.253418,0.011865307,3.846502304,14.79557991,0.106177643,0.059302758,0.003516817,1358.207986,738.3816091,545207.4007,1510.408592,468.2961459,219301.2803,26.7947152,15.56406295,242.2400555,2749.312542,1519.830418,2309884.5,1.058023658,1.466303919,2.150047183,-0.00464535,0.099126929,0.009826148,0.06186754,0.057925416,0.003355354,-2.21E-06,0.100682311,0.010136928,2.09E-05,0.04563031,0.002082125,6.305378685,3.422667589,11.71465343
89,0.42,0.469,Ruel - Painkiller (Official Video)-dTwj7PhpY9M.wav,64.59960938,62516,1136.654545,0.33993271,0.306359947,0.093856424,0.475501746,0.284189522,0.08076369,0.258992062,0.127374234,0.016224196,10.50105286,104.8419266,10991.83008,-5.183084011,57.34088135,3287.976807,0.004165582,3.705725908,13.73240376,0.169150651,0.130883992,0.017130619,1402.946916,705.2296012,497348.7904,1483.334402,459.0454278,210722.7048,25.52736984,15.33943781,235.2983524,2816.599635,1460.825523,2134011.208,1.924733531,2.976140482,8.857412169,0.006800598,0.080891664,0.006543461,0.067492789,0.051859817,0.002689441,1.65E-06,0.135286883,0.018302539,6.05E-06,0.12088611,0.014613451,5.161795918,2.316801156,5.367567597
90,0.586,0.478,Ruel - Real Thing (Official Video)-fK_yLX_5iUI.wav,129.1992188,155575,1427.293578,0.389413089,0.314121246,0.098672166,0.534718156,0.276611656,0.076514006,0.264460972,0.115731274,0.013393728,1.732621551,13.62213802,185.5626373,-8.187476158,69.55276489,4837.586914,0.006546014,2.674284458,7.151797295,0.07330478,0.054206826,0.00293838,1325.66557,818.7617759,670370.8457,1370.112924,458.8519573,210545.1187,24.67310157,16.06217378,257.9934267,2520.522259,1575.177322,2481183.594,0.838483665,1.272383236,1.6189591,0.001666593,0.071181609,0.005066821,0.069544931,0.05791574,0.003354233,-9.53E-07,0.072850548,0.005307203,1.28E-05,0.037025776,0.001370908,11.55192744,4.223214431,17.83554013
91,0.606,0.431,Safe with You-6Da7mJDvuAU.wav,95.703125,113948,1266.088889,0.372010916,0.308913618,0.095427632,0.422120214,0.309710294,0.095920473,0.231055328,0.173051347,0.029946769,20.88405228,190.1788177,36167.98438,0.81226486,46.75551605,2186.078125,0.01343739,3.487984657,12.16603756,0.267563045,0.136631176,0.018668078,1636.147104,690.3672524,476606.9431,1736.393415,437.3713372,191293.6866,25.88499598,16.53798682,273.505008,3591.011619,1443.295812,2083102.802,2.679026406,3.310215714,10.95752807,-0.020235887,0.095740848,0.00916631,0.063763409,0.049261307,0.002426676,-7.45E-06,0.241861761,0.058497112,-0.000146925,0.1397167,0.019520756,3.375020408,2.037189127,4.150139541
92,0.255,0.313,Sam Smith - To Die For (Official Video)-POIK1H3L86k.wav,172.265625,203952,1333.019608,0.248433396,0.29780066,0.088685237,0.408481777,0.296507895,0.08791694,0.230185231,0.157176296,0.024704388,14.39053249,140.4258728,19719.42578,-4.495999813,61.99649811,3843.565674,0.01258489,2.572173834,6.616078377,0.204347119,0.141095877,0.019908044,1109.764796,663.8219522,440659.5842,1305.90183,646.9379014,418528.6483,24.86041124,14.69907649,216.0628497,2348.669131,1561.411377,2438005.49,1.908107579,2.747560009,7.549086,0.024442406,0.077306891,0.005976355,0.047462865,0.036746551,0.001350309,-1.24E-06,0.177560046,0.031527571,-4.29E-05,0.133866563,0.017920258,8.798040816,2.46106217,6.056827004
93,0.41,0.231,Sasha Sloan - Smiling When I Die (Official Video)-ofnJL1txH6Q.wav,123.046875,157932,1284,0.299103558,0.314508826,0.0989158,0.425578058,0.290002257,0.084101312,0.236793335,0.16511284,0.02726225,13.43980885,109.6195679,12016.44922,-4.851159573,60.69010544,3683.288818,0.008648988,3.049562454,9.29983139,0.213691875,0.107198678,0.011491557,1086.004078,721.1078542,519996.5375,1340.735102,605.3077138,366397.4284,24.92413951,14.62190717,213.8001693,2223.361556,1690.403975,2857465.599,1.88326171,2.49757924,6.237902062,0.003829079,0.08442846,0.007128165,0.04080871,0.032223016,0.001038323,2.03E-05,0.200547561,0.040219326,-6.21E-05,0.086560659,0.007492748,2.81077551,1.649834152,2.721952728
94,0.343,0.0978,Selena Gomez - Lose You To Love Me (Official Music Video)-zlJDTxahav0.wav,198.7680288,257116,1285.58,0.322428972,0.302406847,0.091449909,0.338333964,0.290037394,0.084121689,0.207479253,0.200632607,0.040253443,4.797902107,31.983284,1022.93042,1.071946144,66.90893555,4476.805176,0.013025519,2.619008541,6.859205723,0.132565737,0.059552219,0.003546467,1192.427336,854.9652945,730965.6547,1395.191966,666.8731783,444719.836,25.82480938,15.37697587,236.451387,2505.080685,1847.623479,3413712.52,1.331522059,1.652137872,2.729559549,-0.005771312,0.112691583,0.012699393,0.056685976,0.054001931,0.002916209,5.13E-06,0.125135854,0.015658982,4.46E-05,0.040787872,0.00166365,11.00393651,3.776659061,14.26315366
95,0.459,0.498,SHAED x ZAYN - Trampoline (Official Lyric Video)-Zzylc-7PwQ4.wav,63.02400915,78058,1345.827586,0.31445232,0.310712576,0.096542306,0.401784062,0.298315227,0.08899197,0.236963003,0.164869247,0.027181869,12.96375847,107.907547,11644.03906,-1.713550091,54.74139404,2996.620117,0.005012529,2.946573973,8.682297707,0.211092755,0.111853667,0.012511243,1451.193124,791.5384695,626533.1487,1582.828502,494.8013745,244828.4002,25.60720592,16.14286163,260.5919815,2933.015598,1639.48741,2687918.969,2.128758795,2.782232959,7.740820239,-0.000363182,0.092716577,0.008596364,0.070323838,0.070747521,0.005005212,-1.03E-05,0.201761216,0.040707588,-2.99E-05,0.079328619,0.00629303,4.436172336,1.375759779,1.892714968
96,0.559,0.471,SHY Martin - Same Old (Official Lyric Video)-1vZ-B4OKLIw.wav,86.1328125,108565,1447.533333,0.31884256,0.318907112,0.101701751,0.450943738,0.315074921,0.099272199,0.226003822,0.149515668,0.022354935,4.294382572,61.39510727,3769.359131,-6.449454784,81.0640564,6571.381836,0.010270874,2.262927055,5.120839119,0.09394943,0.097289778,0.009465301,808.4191649,708.5245992,502007.1077,1011.164161,708.7475376,502323.0721,22.62756914,12.70856783,161.5076963,1700.668883,1634.538232,2671715.233,0.913993211,1.693319506,2.867330949,0.005474374,0.068333129,0.004669417,0.034309127,0.034967826,0.001222749,-4.87E-06,0.071056388,0.00504901,-1.80E-05,0.098819532,0.0097653,21.95795011,7.289905686,53.14272492
97,0.243,0.239,SHY Martin - Slow (Lyrics)-Wp_O_hOPq8g.wav,151.9990809,190328,1286,0.238984913,0.302730411,0.091645695,0.32764405,0.295562148,0.087356992,0.209536052,0.198564791,0.039427976,6.797789574,49.36153412,2436.561035,-3.998957157,61.90526581,3832.261963,0.011019269,2.69324398,7.253562927,0.152433902,0.079906836,0.006385102,1266.892412,672.0944477,451710.9467,1458.577547,447.8351267,200556.3007,27.12712091,14.01791443,196.501925,2685.104597,1518.902712,2307065.449,1.470477785,1.980366353,3.921850892,-0.029713558,0.107576274,0.011572655,0.054019515,0.040879254,0.001671113,-3.75E-06,0.147317231,0.021702368,-4.72E-05,0.05876004,0.003452742,2.553034014,1.396356931,1.949812679
98,0.529,0.719,Stephen Puth - Crying My Eyes Out (Official Video)-WIUdVqHAuKA.wav,103.359375,127988,1279.88,0.360217482,0.324743003,0.105458014,0.389606923,0.298993409,0.089397065,0.235801941,0.164675538,0.027118033,23.19852829,201.7236633,40692.43359,0.648510575,49.69250488,2469.344971,0.013470775,3.389592409,11.48933601,0.290875047,0.119976282,0.014394308,1371.444225,662.9835982,439547.2515,1728.212911,455.4937405,207474.5476,25.86306097,17.04853377,290.6525039,3074.168911,1525.114187,2325973.285,2.499242812,3.003708677,9.022265818,-0.006127111,0.092216625,0.008503906,0.047130289,0.047023374,0.002211198,1.90E-06,0.270688713,0.073272377,-4.25E-06,0.105184712,0.011063823,4.411791383,1.478912434,2.187181988
99,0.561,0.492,Stephen Puth - Half Gone (Lyrics)-XTniQmohnms.wav,92.28515625,109214,1241.068182,0.342456937,0.307694465,0.094675891,0.467254728,0.284834445,0.081130661,0.254587533,0.136082775,0.018518522,19.02396774,177.5895844,31538.05859,-1.928629279,53.52033234,2864.425781,0.012294099,3.207172155,10.28595352,0.244689941,0.152206436,0.023166798,1380.548345,594.7082172,353677.8637,1516.501071,528.688424,279511.4497,25.97806635,15.66884712,245.51277,2770.304082,1482.138149,2196733.492,2.571619037,3.513326701,12.34346451,0.024993703,0.085017731,0.007228015,0.067035687,0.037208457,0.001384469,1.36E-05,0.214446127,0.04598714,-6.66E-05,0.131700903,0.017345127,9.595646259,5.260761807,27.67561479
100,0.504,0.309,Tate McRae - tear myself apart (Official Video)-vDTx6dSZl74.wav,86.1328125,106798,1302.414634,0.31879583,0.304488748,0.092713401,0.406309843,0.293576688,0.086187266,0.233394145,0.169883802,0.028860506,8.35303688,69.83054352,4876.304688,-3.105669498,55.73080826,3105.922852,0.010762038,2.41490984,5.83178997,0.166823953,0.091237865,0.008324347,1336.117131,664.6438854,441751.4944,1490.086067,450.1400414,202626.0569,27.38108611,15.486651,239.8363591,2630.04243,1405.804231,1976285.536,1.67669918,2.175993882,4.734949373,0.00078969,0.0938335,0.008804726,0.061350536,0.053342564,0.002845429,9.87E-06,0.164024755,0.026904121,7.71E-06,0.052757706,0.002783376,3.940426304,1.217224042,1.481634367
101,0.316,0.514,Taylor Swift - I Forgot That You Existed (Official Audio)-p1cEvNn88jM.wav,95.703125,114495,1258.186813,0.32427606,0.316755623,0.100334115,0.383753091,0.297307342,0.088391654,0.239959944,0.160476037,0.025752559,10.07844257,112.7419357,12710.74414,-6.106858253,65.77757263,4326.688965,0.016067494,4.736831665,22.43757439,0.161825389,0.133851364,0.01791619,1354.111331,950.4340561,903324.8949,1218.143383,609.1308344,371040.3735,24.97513503,13.32169344,177.4675161,2533.455514,1773.983309,3147016.781,1.461910954,2.31906338,5.378054961,-0.003494962,0.099882134,0.009976441,0.076780526,0.07297714,0.005325663,8.90E-06,0.166199654,0.027622327,3.08E-05,0.09107855,0.008295302,4.504671202,2.233284084,4.987557802
102,0.574,0.166,Taylor Swift - The Archer (Lyric Video)-8KpKc3C9V3w.wav,129.1992188,159260,1361.196581,0.333330154,0.306201935,0.093759634,0.302636534,0.287525982,0.082671188,0.192403857,0.215207085,0.046314089,2.492495298,15.24928474,232.5406799,-0.110034443,71.94148254,5175.577148,0.011908577,1.776736379,3.156792164,0.096635833,0.036784176,0.001353076,1054.755281,410.5383455,168541.7331,1295.845509,399.7785117,159822.8584,26.32979854,14.50048276,210.2640004,2131.395445,983.041187,966369.9754,0.933553755,1.10824319,1.228202969,0.005159799,0.121965851,0.014875669,0.042710248,0.025502571,0.000650381,-3.98E-06,0.096375056,0.009288151,4.06E-07,0.018554069,0.000344253,11.1641542,3.420131432,11.69729901
103,0.645,0.523,The Chainsmokers - Push My Luck (Official Video)-HcYo_92vdbE.wav,89.10290948,113328,1287.818182,0.29393214,0.300133973,0.090080395,0.400388956,0.289550513,0.083839491,0.227290962,0.177966715,0.031672152,6.554726601,29.6439743,878.7651978,-2.751597643,50.51202011,2551.464111,0.010472297,2.488983393,6.195038795,0.166802511,0.039833367,0.001586697,1708.163363,642.6503796,412999.5104,1834.713756,448.2060162,200888.6329,27.19105115,17.06645149,291.2637666,3805.722821,1413.034118,1996665.418,1.908603955,2.154784137,4.643094676,-0.006496152,0.096476856,0.009307784,0.075612355,0.03927663,0.001542654,1.20E-05,0.147154078,0.021654323,2.06E-05,0.057289165,0.003282048,3.600253968,1.971652756,3.887414589
104,0.733,0.687,"The Chainsmokers, ILLENIUM - Takeaway (Official Video) ft. Lennon Stella-lzkKzZmRZk8.wav",99.38401442,121591,1253.515464,0.32026726,0.299712986,0.08982788,0.457461089,0.277720302,0.077128559,0.247990073,0.147764193,0.021834257,6.235641956,76.91384888,5915.739746,-2.915806293,46.89638519,2199.270996,0.008157421,2.379567146,5.662340164,0.142463386,0.086533621,0.007488068,1938.806817,670.2647893,449254.8877,1914.703416,452.5377541,204790.4188,26.41787874,17.68878632,312.8931615,4180.037224,1448.455215,2098022.509,1.667585185,2.048903614,4.198006021,0.018137113,0.080388151,0.006462255,0.094838429,0.052596116,0.002766351,-1.33E-06,0.133566022,0.017839881,7.01E-06,0.071845978,0.005161844,3.305360544,1.976811648,3.907784292
105,0.66,0.49,The Script - Run Through Walls (Official Lyric Video)-vU7mGdsA67M.wav,151.9990809,166184,1178.609929,0.310722321,0.294303536,0.086614579,0.38909477,0.281604648,0.079301186,0.2253747,0.1803873,0.032539578,14.21451569,73.70102692,5431.84082,0.194342822,48.67524719,2369.279785,0.010888803,2.215837002,4.909933567,0.235969573,0.089750908,0.008055226,1580.708258,581.1989422,337792.2105,1714.713991,389.2304848,151500.3703,27.66977459,16.83494478,283.4153659,3388.742009,1223.941878,1498033.72,2.74831565,3.268932573,10.68592017,-0.008883791,0.089975227,0.008095541,0.077285058,0.045018917,0.002026703,3.44E-06,0.219483495,0.048173003,2.62E-05,0.073048249,0.005336047,2.936163265,1.823017479,3.323392729
106,0.647,0.531,The Vamps - Missing You (Lyrics)-h26uvNPySlU.wav,80.74951172,97279,1247.166667,0.300934166,0.311324984,0.09692324,0.453935981,0.288382441,0.083164439,0.245215133,0.152324888,0.023202872,2.105320215,22.57393456,509.5825195,-6.928730965,73.12001038,5346.535645,0.011443106,2.934390545,8.610648155,0.077632114,0.055876039,0.003122132,1223.874657,634.6007023,402718.0513,1349.878753,461.9264062,213376.0047,25.98213661,14.71361037,216.49033,2441.831068,1345.564144,1810542.865,0.776400118,1.131178757,1.279565381,-0.001864571,0.086067231,0.007407568,0.058343185,0.042564823,0.001811764,-3.67E-06,0.061670385,0.003803236,3.91E-06,0.060856465,0.003703509,8.403301587,4.426967629,19.59804239
107,0.144,0.387,The Weepies - Somebody Loved (Kina Grannis Cover)-rqHMwnOGKRQ.wav,78.30255682,96662,1255.350649,0.228413358,0.304133266,0.092497051,0.35496366,0.292250872,0.085410565,0.227173569,0.178116543,0.031725503,4.073447227,41.4074173,1714.574097,-9.770326614,68.63162231,4710.299316,0.01034294,2.712428331,7.357267857,0.117608368,0.059892889,0.003587158,1157.78139,815.3675597,664824.2575,1324.878411,401.4100957,161130.0649,27.56655128,14.00292016,196.0817731,2142.274546,1435.025275,2059297.541,0.853455584,1.03591598,1.073121918,0.02755906,0.10701538,0.011452292,0.052268958,0.069744854,0.004864345,3.30E-06,0.120853066,0.014605464,2.25E-06,0.031986605,0.001023143,5.960562358,3.298991758,10.88334662
108,0.809,0.0396,Tom Walker - Better Half of Me (Official Video)-zU-rQ-nvcKE.wav,107.6660156,130711,1307.11,0.270640731,0.303025126,0.091824219,0.41474089,0.290221363,0.084228434,0.234889891,0.158316446,0.025064097,12.84111023,83.61612701,6991.65625,-2.556566238,53.24961853,2835.521973,0.009105662,2.490742922,6.203799725,0.214334473,0.103353478,0.010681942,1413.584398,760.2276254,577946.0424,1589.482682,493.6370324,243677.5197,26.47155611,16.24586835,263.9282386,2951.752984,1521.252112,2314207.987,2.217265583,2.760850226,7.622293972,0.013675544,0.083015792,0.006891622,0.066294762,0.054775371,0.003000341,-1.18E-05,0.196329236,0.038545169,-6.17E-05,0.089241229,0.007963996,6.54338322,2.269726515,5.151658455
109,0.582,0.462,Tori Kelly - 2 Places (Audio)-UhFTws3eT3E.wav,143.5546875,172822,1261.474453,0.298821479,0.31814307,0.101215012,0.427418977,0.300815344,0.090489879,0.247247152,0.149003956,0.022202179,10.99025154,112.4149017,12637.10938,-3.561870575,55.46715927,3076.605957,0.005877971,3.070915222,9.430520058,0.18497847,0.114076249,0.013013391,1375.998676,614.0580138,377067.2444,1598.35113,442.6910206,195975.3397,26.89930678,15.39925241,237.1369749,2943.386368,1447.452399,2095118.448,1.708668284,2.372701165,5.629710817,0.003373108,0.093764802,0.008791838,0.056954493,0.043188749,0.001865268,-2.61E-07,0.168267205,0.028313855,-2.45E-05,0.095570989,0.009133814,3.080126984,1.468251824,2.15576342
110,0.618,0.543,Virginia To Vegas - Just Friends (Lyrics)-35JhxGnH_4s.wav,99.38401442,119229,1241.96875,0.344211966,0.308193505,0.094983242,0.486016333,0.288781166,0.083394557,0.254517837,0.136213083,0.018554004,11.90825272,118.1031342,13948.34961,-0.844373882,47.88634109,2293.101807,0.011554094,3.186546087,10.15407562,0.20213297,0.107964784,0.011656395,1796.676865,804.4105841,647076.3878,1830.102263,430.4612777,185296.9116,24.9823427,17.87599791,319.5513014,3817.389417,1560.569263,2435376.424,2.265186519,2.802842254,7.8559247,0.017059414,0.069273443,0.00479881,0.086090749,0.07030464,0.004942742,-7.42E-06,0.166867584,0.027844789,-7.46E-06,0.113928027,0.012979596,1.631201814,0.861421982,0.742047831
111,0.689,0.783,Why Don't We - Chills [Official Music Video]-wTdZbbx53uk.wav,107.6660156,135226,1394.082474,0.376237839,0.311679304,0.097143985,0.470417738,0.29343155,0.086102068,0.257234646,0.131010191,0.01716367,18.98315048,203.9952545,41614.06641,0.520372987,47.09175491,2217.633301,0.011726726,3.093695641,9.570952415,0.248663932,0.146852031,0.021565519,1699.171109,786.738739,618957.8435,1706.902863,466.5081495,217629.8536,25.67439507,16.97305062,288.0844475,3514.912079,1605.988294,2579198.399,2.583435391,3.298336399,10.879023,-0.013644136,0.077336275,0.005980899,0.078684709,0.058782938,0.003455434,-7.44E-06,0.198162302,0.0392683,-2.59E-05,0.165176108,0.027283145,6.952054422,2.604471676,6.78327271
112,0.647,0.368,Why Don't We - What Am I [Official Video]-ZxgbQz4n8-s.wav,161.4990234,207993,1283.907407,0.350138038,0.306077272,0.093683288,0.510260105,0.273709536,0.074916907,0.257411445,0.130662471,0.017072681,6.727022171,53.69870758,2883.55127,-3.839138746,56.53147125,3195.807129,0.007495673,2.490463495,6.202408314,0.140945643,0.099020667,0.009805093,1719.73464,705.2251614,497342.5282,1741.445103,336.5428888,113261.116,25.18478993,16.76392951,281.0293325,3516.091239,1286.912159,1656142.906,1.50845972,2.201427887,4.846284743,0.013262581,0.077005931,0.005929913,0.08405448,0.05556652,0.003087638,-1.81E-05,0.145324379,0.021119175,-2.76E-06,0.059468091,0.003536454,18.51675283,9.868230698,97.38197711
